Kategori: Semua kategori;
;
Minggu;laptop gaming: (Indonesia)
10/10/2021;63
17/10/2021;59
24/10/2021;78
31/10/2021;59
07/11/2021;75
14/11/2021;64
21/11/2021;64
28/11/2021;75
05/12/2021;57
12/12/2021;69
19/12/2021;75
26/12/2021;85
02/01/2022;100
09/01/2022;92
16/01/2022;78
23/01/2022;83
30/01/2022;69
06/02/2022;77
13/02/2022;89
20/02/2022;95
27/02/2022;83
06/03/2022;74
13/03/2022;64
20/03/2022;82
27/03/2022;68
03/04/2022;76
10/04/2022;73
17/04/2022;88
24/04/2022;77
01/05/2022;80
08/05/2022;69
15/05/2022;75
22/05/2022;79
29/05/2022;78
05/06/2022;76
12/06/2022;69
19/06/2022;94
26/06/2022;90
03/07/2022;84
10/07/2022;91
17/07/2022;98
24/07/2022;82
31/07/2022;88
07/08/2022;71
14/08/2022;83
21/08/2022;82
28/08/2022;86
04/09/2022;84
11/09/2022;77
18/09/2022;86
25/09/2022;80
